registryNumericId,internalHeroId,valveHeroId,valveHeroKey,scopeStatus,selectableAfterApprovedRelease,acceptedSkillCount,disableReason
0,juggernaut,8,juggernaut,unreleased_partial_runtime,False,3,四技能槽未全部正式验收；暂停适配和发布
1,crystal_maiden,5,crystal_maiden,eligible_complete4,True,4,
2,pudge,14,pudge,unreleased_partial_runtime,False,3,四技能槽未全部正式验收；暂停适配和发布
3,axe,2,axe,eligible_complete4,True,4,
4,sniper,35,sniper,eligible_complete4,True,4,
5,anti_mage,1,antimage,eligible_complete4,True,4,
6,phantom_assassin,44,phantom_assassin,unreleased_partial_runtime,False,2,四技能槽未全部正式验收；暂停适配和发布
7,drow_ranger,6,drow_ranger,eligible_complete4,True,4,
8,lina,25,lina,eligible_complete4,True,4,
9,lion,26,lion,eligible_complete4,True,4,
10,earthshaker,7,earthshaker,unreleased_partial_runtime,False,1,四技能槽未全部正式验收；暂停适配和发布
11,mirana,9,mirana,unreleased_partial_runtime,False,1,四技能槽未全部正式验收；暂停适配和发布
12,sven,18,sven,unreleased_partial_runtime,False,2,四技能槽未全部正式验收；暂停适配和发布
13,zeus,22,zuus,unreleased_partial_runtime,False,3,四技能槽未全部正式验收；暂停适配和发布
14,windranger,21,windrunner,unreleased_partial_runtime,False,2,四技能槽未全部正式验收；暂停适配和发布
15,shadow_fiend,11,nevermore,eligible_complete4,True,4,
16,storm_spirit,17,storm_spirit,unreleased_partial_runtime,False,1,四技能槽未全部正式验收；暂停适配和发布
17,queen_of_pain,39,queenofpain,eligible_complete4,True,4,
18,witch_doctor,30,witch_doctor,eligible_complete4,True,4,
19,tidehunter,29,tidehunter,unreleased_partial_runtime,False,2,四技能槽未全部正式验收；暂停适配和发布
20,valve_3,3,bane,unreleased_catalog_only,False,0,仅有冻结目录身份，无已验四槽运行时实现；暂停适配和发布
21,valve_4,4,bloodseeker,unreleased_partial_runtime,False,3,四技能槽未全部正式验收；暂停适配和发布
22,valve_10,10,morphling,unreleased_catalog_only,False,0,仅有冻结目录身份，无已验四槽运行时实现；暂停适配和发布
23,valve_12,12,phantom_lancer,unreleased_catalog_only,False,0,仅有冻结目录身份，无已验四槽运行时实现；暂停适配和发布
24,valve_13,13,puck,unreleased_catalog_only,False,0,仅有冻结目录身份，无已验四槽运行时实现；暂停适配和发布
25,valve_15,15,razor,unreleased_partial_runtime,False,1,四技能槽未全部正式验收；暂停适配和发布
26,valve_16,16,sand_king,unreleased_catalog_only,False,0,仅有冻结目录身份，无已验四槽运行时实现；暂停适配和发布
27,valve_19,19,tiny,unreleased_catalog_only,False,0,仅有冻结目录身份，无已验四槽运行时实现；暂停适配和发布
28,valve_20,20,vengefulspirit,eligible_complete4,True,4,
29,valve_23,23,kunkka,unreleased_partial_runtime,False,3,四技能槽未全部正式验收；暂停适配和发布
30,valve_27,27,shadow_shaman,unreleased_catalog_only,False,0,仅有冻结目录身份，无已验四槽运行时实现；暂停适配和发布
31,valve_28,28,slardar,eligible_complete4,True,4,
32,valve_31,31,lich,eligible_complete4,True,4,
33,valve_32,32,riki,unreleased_catalog_only,False,0,仅有冻结目录身份，无已验四槽运行时实现；暂停适配和发布
34,valve_33,33,enigma,unreleased_catalog_only,False,0,仅有冻结目录身份，无已验四槽运行时实现；暂停适配和发布
35,valve_34,34,tinker,unreleased_catalog_only,False,0,仅有冻结目录身份，无已验四槽运行时实现；暂停适配和发布
36,valve_36,36,necrolyte,eligible_complete4,True,4,
37,valve_37,37,warlock,unreleased_catalog_only,False,0,仅有冻结目录身份，无已验四槽运行时实现；暂停适配和发布
38,valve_38,38,beastmaster,unreleased_catalog_only,False,0,仅有冻结目录身份，无已验四槽运行时实现；暂停适配和发布
39,valve_40,40,venomancer,unreleased_catalog_only,False,0,仅有冻结目录身份，无已验四槽运行时实现；暂停适配和发布
40,valve_41,41,faceless_void,unreleased_catalog_only,False,0,仅有冻结目录身份，无已验四槽运行时实现；暂停适配和发布
41,valve_42,42,skeleton_king,unreleased_catalog_only,False,0,仅有冻结目录身份，无已验四槽运行时实现；暂停适配和发布
42,valve_43,43,death_prophet,unreleased_partial_runtime,False,2,四技能槽未全部正式验收；暂停适配和发布
43,valve_45,45,pugna,unreleased_catalog_only,False,0,仅有冻结目录身份，无已验四槽运行时实现；暂停适配和发布
44,valve_46,46,templar_assassin,unreleased_catalog_only,False,0,仅有冻结目录身份，无已验四槽运行时实现；暂停适配和发布
45,valve_47,47,viper,unreleased_partial_runtime,False,2,四技能槽未全部正式验收；暂停适配和发布
46,valve_48,48,luna,unreleased_catalog_only,False,0,仅有冻结目录身份，无已验四槽运行时实现；暂停适配和发布
47,valve_49,49,dragon_knight,unreleased_partial_runtime,False,3,四技能槽未全部正式验收；暂停适配和发布
48,valve_50,50,dazzle,unreleased_catalog_only,False,0,仅有冻结目录身份，无已验四槽运行时实现；暂停适配和发布
49,valve_51,51,rattletrap,unreleased_catalog_only,False,0,仅有冻结目录身份，无已验四槽运行时实现；暂停适配和发布
50,valve_52,52,leshrac,eligible_complete4,True,4,
51,valve_53,53,furion,unreleased_catalog_only,False,0,仅有冻结目录身份，无已验四槽运行时实现；暂停适配和发布
52,valve_54,54,life_stealer,unreleased_catalog_only,False,0,仅有冻结目录身份，无已验四槽运行时实现；暂停适配和发布
53,valve_55,55,dark_seer,unreleased_catalog_only,False,0,仅有冻结目录身份，无已验四槽运行时实现；暂停适配和发布
54,valve_56,56,clinkz,unreleased_catalog_only,False,0,仅有冻结目录身份，无已验四槽运行时实现；暂停适配和发布
55,valve_57,57,omniknight,eligible_complete4,True,4,
56,valve_58,58,enchantress,unreleased_catalog_only,False,0,仅有冻结目录身份，无已验四槽运行时实现；暂停适配和发布
57,valve_59,59,huskar,eligible_complete4,True,4,
58,valve_60,60,night_stalker,eligible_complete4,True,4,
59,valve_61,61,broodmother,unreleased_catalog_only,False,0,仅有冻结目录身份，无已验四槽运行时实现；暂停适配和发布
60,valve_62,62,bounty_hunter,unreleased_catalog_only,False,0,仅有冻结目录身份，无已验四槽运行时实现；暂停适配和发布
61,valve_63,63,weaver,unreleased_catalog_only,False,0,仅有冻结目录身份，无已验四槽运行时实现；暂停适配和发布
62,valve_64,64,jakiro,eligible_complete4,True,4,
63,valve_65,65,batrider,unreleased_catalog_only,False,0,仅有冻结目录身份，无已验四槽运行时实现；暂停适配和发布
64,valve_66,66,chen,unreleased_catalog_only,False,0,仅有冻结目录身份，无已验四槽运行时实现；暂停适配和发布
65,valve_67,67,spectre,unreleased_catalog_only,False,0,仅有冻结目录身份，无已验四槽运行时实现；暂停适配和发布
66,valve_68,68,ancient_apparition,unreleased_catalog_only,False,0,仅有冻结目录身份，无已验四槽运行时实现；暂停适配和发布
67,valve_69,69,doom_bringer,unreleased_catalog_only,False,0,仅有冻结目录身份，无已验四槽运行时实现；暂停适配和发布
68,valve_70,70,ursa,unreleased_catalog_only,False,0,仅有冻结目录身份，无已验四槽运行时实现；暂停适配和发布
69,valve_71,71,spirit_breaker,unreleased_catalog_only,False,0,仅有冻结目录身份，无已验四槽运行时实现；暂停适配和发布
70,valve_72,72,gyrocopter,unreleased_catalog_only,False,0,仅有冻结目录身份，无已验四槽运行时实现；暂停适配和发布
71,valve_73,73,alchemist,eligible_complete4,True,4,
72,valve_74,74,invoker,unreleased_catalog_only,False,0,仅有冻结目录身份，无已验四槽运行时实现；暂停适配和发布
73,valve_75,75,silencer,unreleased_catalog_only,False,0,仅有冻结目录身份，无已验四槽运行时实现；暂停适配和发布
74,valve_76,76,obsidian_destroyer,unreleased_catalog_only,False,0,仅有冻结目录身份，无已验四槽运行时实现；暂停适配和发布
75,valve_77,77,lycan,unreleased_catalog_only,False,0,仅有冻结目录身份，无已验四槽运行时实现；暂停适配和发布
76,valve_78,78,brewmaster,unreleased_catalog_only,False,0,仅有冻结目录身份，无已验四槽运行时实现；暂停适配和发布
77,valve_79,79,shadow_demon,unreleased_catalog_only,False,0,仅有冻结目录身份，无已验四槽运行时实现；暂停适配和发布
78,valve_80,80,lone_druid,unreleased_catalog_only,False,0,仅有冻结目录身份，无已验四槽运行时实现；暂停适配和发布
79,valve_81,81,chaos_knight,unreleased_catalog_only,False,0,仅有冻结目录身份，无已验四槽运行时实现；暂停适配和发布
80,valve_82,82,meepo,unreleased_catalog_only,False,0,仅有冻结目录身份，无已验四槽运行时实现；暂停适配和发布
81,valve_83,83,treant,eligible_complete4,True,4,
82,valve_84,84,ogre_magi,eligible_complete4,True,4,
83,valve_85,85,undying,unreleased_catalog_only,False,0,仅有冻结目录身份，无已验四槽运行时实现；暂停适配和发布
84,valve_86,86,rubick,unreleased_catalog_only,False,0,仅有冻结目录身份，无已验四槽运行时实现；暂停适配和发布
85,valve_87,87,disruptor,unreleased_catalog_only,False,0,仅有冻结目录身份，无已验四槽运行时实现；暂停适配和发布
86,valve_88,88,nyx_assassin,unreleased_catalog_only,False,0,仅有冻结目录身份，无已验四槽运行时实现；暂停适配和发布
87,valve_89,89,naga_siren,unreleased_catalog_only,False,0,仅有冻结目录身份，无已验四槽运行时实现；暂停适配和发布
88,valve_90,90,keeper_of_the_light,unreleased_catalog_only,False,0,仅有冻结目录身份，无已验四槽运行时实现；暂停适配和发布
89,valve_91,91,wisp,unreleased_catalog_only,False,0,仅有冻结目录身份，无已验四槽运行时实现；暂停适配和发布
90,valve_92,92,visage,unreleased_catalog_only,False,0,仅有冻结目录身份，无已验四槽运行时实现；暂停适配和发布
91,valve_93,93,slark,unreleased_catalog_only,False,0,仅有冻结目录身份，无已验四槽运行时实现；暂停适配和发布
92,valve_94,94,medusa,unreleased_catalog_only,False,0,仅有冻结目录身份，无已验四槽运行时实现；暂停适配和发布
93,valve_95,95,troll_warlord,unreleased_catalog_only,False,0,仅有冻结目录身份，无已验四槽运行时实现；暂停适配和发布
94,valve_96,96,centaur,unreleased_partial_runtime,False,2,四技能槽未全部正式验收；暂停适配和发布
95,valve_97,97,magnataur,unreleased_catalog_only,False,0,仅有冻结目录身份，无已验四槽运行时实现；暂停适配和发布
96,valve_98,98,shredder,unreleased_catalog_only,False,0,仅有冻结目录身份，无已验四槽运行时实现；暂停适配和发布
97,valve_99,99,bristleback,unreleased_catalog_only,False,0,仅有冻结目录身份，无已验四槽运行时实现；暂停适配和发布
98,valve_100,100,tusk,unreleased_catalog_only,False,0,仅有冻结目录身份，无已验四槽运行时实现；暂停适配和发布
99,valve_101,101,skywrath_mage,unreleased_partial_runtime,False,1,四技能槽未全部正式验收；暂停适配和发布
100,valve_102,102,abaddon,unreleased_partial_runtime,False,1,四技能槽未全部正式验收；暂停适配和发布
101,valve_103,103,elder_titan,unreleased_catalog_only,False,0,仅有冻结目录身份，无已验四槽运行时实现；暂停适配和发布
102,valve_104,104,legion_commander,unreleased_catalog_only,False,0,仅有冻结目录身份，无已验四槽运行时实现；暂停适配和发布
103,valve_105,105,techies,unreleased_catalog_only,False,0,仅有冻结目录身份，无已验四槽运行时实现；暂停适配和发布
104,valve_106,106,ember_spirit,unreleased_partial_runtime,False,0,四技能槽未全部正式验收；暂停适配和发布
105,valve_107,107,earth_spirit,unreleased_catalog_only,False,0,仅有冻结目录身份，无已验四槽运行时实现；暂停适配和发布
106,valve_108,108,abyssal_underlord,unreleased_partial_runtime,False,1,四技能槽未全部正式验收；暂停适配和发布
107,valve_109,109,terrorblade,unreleased_catalog_only,False,0,仅有冻结目录身份，无已验四槽运行时实现；暂停适配和发布
108,valve_110,110,phoenix,unreleased_catalog_only,False,0,仅有冻结目录身份，无已验四槽运行时实现；暂停适配和发布
109,valve_111,111,oracle,unreleased_catalog_only,False,0,仅有冻结目录身份，无已验四槽运行时实现；暂停适配和发布
110,valve_112,112,winter_wyvern,unreleased_catalog_only,False,0,仅有冻结目录身份，无已验四槽运行时实现；暂停适配和发布
111,valve_113,113,arc_warden,unreleased_catalog_only,False,0,仅有冻结目录身份，无已验四槽运行时实现；暂停适配和发布
112,valve_114,114,monkey_king,unreleased_catalog_only,False,0,仅有冻结目录身份，无已验四槽运行时实现；暂停适配和发布
113,valve_119,119,dark_willow,unreleased_catalog_only,False,0,仅有冻结目录身份，无已验四槽运行时实现；暂停适配和发布
114,valve_120,120,pangolier,unreleased_catalog_only,False,0,仅有冻结目录身份，无已验四槽运行时实现；暂停适配和发布
115,valve_121,121,grimstroke,unreleased_catalog_only,False,0,仅有冻结目录身份，无已验四槽运行时实现；暂停适配和发布
116,valve_123,123,hoodwink,unreleased_catalog_only,False,0,仅有冻结目录身份，无已验四槽运行时实现；暂停适配和发布
117,valve_126,126,void_spirit,unreleased_partial_runtime,False,0,四技能槽未全部正式验收；暂停适配和发布
118,valve_128,128,snapfire,unreleased_catalog_only,False,0,仅有冻结目录身份，无已验四槽运行时实现；暂停适配和发布
119,valve_129,129,mars,unreleased_catalog_only,False,0,仅有冻结目录身份，无已验四槽运行时实现；暂停适配和发布
120,valve_131,131,ringmaster,unreleased_catalog_only,False,0,仅有冻结目录身份，无已验四槽运行时实现；暂停适配和发布
121,valve_135,135,dawnbreaker,unreleased_partial_runtime,False,0,四技能槽未全部正式验收；暂停适配和发布
122,valve_136,136,marci,unreleased_catalog_only,False,0,仅有冻结目录身份，无已验四槽运行时实现；暂停适配和发布
123,valve_137,137,primal_beast,unreleased_catalog_only,False,0,仅有冻结目录身份，无已验四槽运行时实现；暂停适配和发布
124,valve_138,138,muerta,unreleased_partial_runtime,False,0,四技能槽未全部正式验收；暂停适配和发布
125,valve_145,145,kez,unreleased_catalog_only,False,0,仅有冻结目录身份，无已验四槽运行时实现；暂停适配和发布
126,valve_155,155,largo,unreleased_catalog_only,False,0,仅有冻结目录身份，无已验四槽运行时实现；暂停适配和发布
