registryNumericId,heroName,slot,abilityId,accepted127,releaseEligibleHero,category,reason
0,剑圣,0,juggernaut_blade_fury,True,False,accepted127,精确5fd32d8已验技能范围；不是本轮新验收
0,剑圣,1,juggernaut_healing_ward,True,False,accepted127,精确5fd32d8已验技能范围；不是本轮新验收
0,剑圣,2,juggernaut_blade_dance,True,False,accepted127,精确5fd32d8已验技能范围；不是本轮新验收
0,剑圣,3,juggernaut_omnislash,False,False,stop10,原STOP范围；未正式验收，暂停开发和发布，不执行此槽
1,水晶室女,0,crystal_maiden_nova,True,True,accepted127,精确5fd32d8已验技能范围；不是本轮新验收
1,水晶室女,1,crystal_maiden_frostbite,True,True,accepted127,精确5fd32d8已验技能范围；不是本轮新验收
1,水晶室女,2,crystal_maiden_aura,True,True,accepted127,精确5fd32d8已验技能范围；不是本轮新验收
1,水晶室女,3,crystal_maiden_freezing_field,True,True,accepted127,精确5fd32d8已验技能范围；不是本轮新验收
2,帕吉,0,pudge_hook,False,False,paused-wave44,wave44开发范围；开发用21条通过不计正式验收，未完成发布验证，暂停
2,帕吉,1,pudge_rot,True,False,accepted127,精确5fd32d8已验技能范围；不是本轮新验收
2,帕吉,2,pudge_meat_shield,True,False,accepted127,精确5fd32d8已验技能范围；不是本轮新验收
2,帕吉,3,pudge_dismember,True,False,accepted127,精确5fd32d8已验技能范围；不是本轮新验收
3,斧王,0,axe_call,True,True,accepted127,精确5fd32d8已验技能范围；不是本轮新验收
3,斧王,1,axe_hunger,True,True,accepted127,精确5fd32d8已验技能范围；不是本轮新验收
3,斧王,2,axe_helix,True,True,accepted127,精确5fd32d8已验技能范围；不是本轮新验收
3,斧王,3,axe_culling,True,True,accepted127,精确5fd32d8已验技能范围；不是本轮新验收
4,狙击手,0,sniper_shrapnel,True,True,accepted127,精确5fd32d8已验技能范围；不是本轮新验收
4,狙击手,1,sniper_headshot,True,True,accepted127,精确5fd32d8已验技能范围；不是本轮新验收
4,狙击手,2,sniper_take_aim,True,True,accepted127,精确5fd32d8已验技能范围；不是本轮新验收
4,狙击手,3,sniper_assassinate,True,True,accepted127,精确5fd32d8已验技能范围；不是本轮新验收
5,敌法师,0,anti_mage_mana_break,True,True,accepted127,精确5fd32d8已验技能范围；不是本轮新验收
5,敌法师,1,anti_mage_blink,True,True,accepted127,精确5fd32d8已验技能范围；不是本轮新验收
5,敌法师,2,anti_mage_counterspell,True,True,accepted127,精确5fd32d8已验技能范围；不是本轮新验收
5,敌法师,3,anti_mage_mana_void,True,True,accepted127,精确5fd32d8已验技能范围；不是本轮新验收
6,幻影刺客,0,phantom_assassin_dagger,False,False,paused-wave44,wave44开发范围；开发用21条通过不计正式验收，未完成发布验证，暂停
6,幻影刺客,1,phantom_assassin_strike,False,False,paused-wave44,wave44开发范围；开发用21条通过不计正式验收，未完成发布验证，暂停
6,幻影刺客,2,phantom_assassin_immaterial,True,False,accepted127,精确5fd32d8已验技能范围；不是本轮新验收
6,幻影刺客,3,phantom_assassin_coup,True,False,accepted127,精确5fd32d8已验技能范围；不是本轮新验收
7,卓尔游侠,0,drow_ranger_frost,True,True,accepted127,精确5fd32d8已验技能范围；不是本轮新验收
7,卓尔游侠,1,drow_ranger_gust,True,True,accepted127,精确5fd32d8已验技能范围；不是本轮新验收
7,卓尔游侠,2,drow_ranger_multishot,True,True,accepted127,精确5fd32d8已验技能范围；不是本轮新验收
7,卓尔游侠,3,drow_ranger_marksmanship,True,True,accepted127,精确5fd32d8已验技能范围；不是本轮新验收
8,莉娜,0,lina_slave,True,True,accepted127,精确5fd32d8已验技能范围；不是本轮新验收
8,莉娜,1,lina_array,True,True,accepted127,精确5fd32d8已验技能范围；不是本轮新验收
8,莉娜,2,lina_fiery,True,True,accepted127,精确5fd32d8已验技能范围；不是本轮新验收
8,莉娜,3,lina_laguna,True,True,accepted127,精确5fd32d8已验技能范围；不是本轮新验收
9,莱恩,0,lion_spike,True,True,accepted127,精确5fd32d8已验技能范围；不是本轮新验收
9,莱恩,1,lion_hex,True,True,accepted127,精确5fd32d8已验技能范围；不是本轮新验收
9,莱恩,2,lion_drain,True,True,accepted127,精确5fd32d8已验技能范围；不是本轮新验收
9,莱恩,3,lion_finger,True,True,accepted127,精确5fd32d8已验技能范围；不是本轮新验收
10,撼地者,0,earthshaker_fissure,False,False,paused-wave44,wave44开发范围；开发用21条通过不计正式验收，未完成发布验证，暂停
10,撼地者,1,earthshaker_totem,False,False,stop10,原STOP范围；未正式验收，暂停开发和发布，不执行此槽
10,撼地者,2,earthshaker_aftershock,True,False,accepted127,精确5fd32d8已验技能范围；不是本轮新验收
10,撼地者,3,earthshaker_echo,False,False,stop10,原STOP范围；未正式验收，暂停开发和发布，不执行此槽
11,米拉娜,0,mirana_starstorm,False,False,stop10,原STOP范围；未正式验收，暂停开发和发布，不执行此槽
11,米拉娜,1,mirana_arrow,True,False,accepted127,精确5fd32d8已验技能范围；不是本轮新验收
11,米拉娜,2,mirana_leap,False,False,paused-wave44,wave44开发范围；开发用21条通过不计正式验收，未完成发布验证，暂停
11,米拉娜,3,mirana_moonlight,False,False,stop10,原STOP范围；未正式验收，暂停开发和发布，不执行此槽
12,斯温,0,sven_hammer,True,False,accepted127,精确5fd32d8已验技能范围；不是本轮新验收
12,斯温,1,sven_cleave,True,False,accepted127,精确5fd32d8已验技能范围；不是本轮新验收
12,斯温,2,sven_warcry,False,False,stop10,原STOP范围；未正式验收，暂停开发和发布，不执行此槽
12,斯温,3,sven_strength,False,False,stop10,原STOP范围；未正式验收，暂停开发和发布，不执行此槽
13,宙斯,0,zeus_arc,True,False,accepted127,精确5fd32d8已验技能范围；不是本轮新验收
13,宙斯,1,zeus_bolt,True,False,accepted127,精确5fd32d8已验技能范围；不是本轮新验收
13,宙斯,2,zeus_jump,False,False,paused-wave44,wave44开发范围；开发用21条通过不计正式验收，未完成发布验证，暂停
13,宙斯,3,zeus_wrath,True,False,accepted127,精确5fd32d8已验技能范围；不是本轮新验收
14,风行者,0,windranger_shackle,True,False,accepted127,精确5fd32d8已验技能范围；不是本轮新验收
14,风行者,1,windranger_powershot,True,False,accepted127,精确5fd32d8已验技能范围；不是本轮新验收
14,风行者,2,windranger_windrun,False,False,stop10,原STOP范围；未正式验收，暂停开发和发布，不执行此槽
14,风行者,3,windranger_focus,False,False,stop10,原STOP范围；未正式验收，暂停开发和发布，不执行此槽
15,影魔,0,shadow_fiend_raze,True,True,accepted127,精确5fd32d8已验技能范围；不是本轮新验收
15,影魔,1,shadow_fiend_feast,True,True,accepted127,精确5fd32d8已验技能范围；不是本轮新验收
15,影魔,2,shadow_fiend_presence,True,True,accepted127,精确5fd32d8已验技能范围；不是本轮新验收
15,影魔,3,shadow_fiend_requiem,True,True,accepted127,精确5fd32d8已验技能范围；不是本轮新验收
16,风暴之灵,0,storm_spirit_remnant,False,False,paused-wave44,wave44开发范围；开发用21条通过不计正式验收，未完成发布验证，暂停
16,风暴之灵,1,storm_spirit_vortex,False,False,paused-wave44,wave44开发范围；开发用21条通过不计正式验收，未完成发布验证，暂停
16,风暴之灵,2,storm_spirit_overload,True,False,accepted127,精确5fd32d8已验技能范围；不是本轮新验收
16,风暴之灵,3,storm_spirit_ball,False,False,paused-wave44,wave44开发范围；开发用21条通过不计正式验收，未完成发布验证，暂停
17,痛苦女王,0,queen_of_pain_shadow_strike,True,True,accepted127,精确5fd32d8已验技能范围；不是本轮新验收
17,痛苦女王,1,queen_of_pain_blink,True,True,accepted127,精确5fd32d8已验技能范围；不是本轮新验收
17,痛苦女王,2,queen_of_pain_scream,True,True,accepted127,精确5fd32d8已验技能范围；不是本轮新验收
17,痛苦女王,3,queen_of_pain_sonic,True,True,accepted127,精确5fd32d8已验技能范围；不是本轮新验收
18,巫医,0,witch_doctor_cask,True,True,accepted127,精确5fd32d8已验技能范围；不是本轮新验收
18,巫医,1,witch_doctor_restoration,True,True,accepted127,精确5fd32d8已验技能范围；不是本轮新验收
18,巫医,2,witch_doctor_maledict,True,True,accepted127,精确5fd32d8已验技能范围；不是本轮新验收
18,巫医,3,witch_doctor_death_ward,True,True,accepted127,精确5fd32d8已验技能范围；不是本轮新验收
19,潮汐猎人,0,tidehunter_gush,True,False,accepted127,精确5fd32d8已验技能范围；不是本轮新验收
19,潮汐猎人,1,tidehunter_shell,True,False,accepted127,精确5fd32d8已验技能范围；不是本轮新验收
19,潮汐猎人,2,tidehunter_anchor,False,False,stop10,原STOP范围；未正式验收，暂停开发和发布，不执行此槽
19,潮汐猎人,3,tidehunter_ravage,False,False,paused-wave44,wave44开发范围；开发用21条通过不计正式验收，未完成发布验证，暂停
25,雷泽,0,razor_plasma_field,False,False,paused-wave44,wave44开发范围；开发用21条通过不计正式验收，未完成发布验证，暂停
25,雷泽,1,razor_static_link,False,False,paused-wave44,wave44开发范围；开发用21条通过不计正式验收，未完成发布验证，暂停
25,雷泽,2,razor_storm_surge,True,False,accepted127,精确5fd32d8已验技能范围；不是本轮新验收
25,雷泽,3,razor_eye_of_the_storm,False,False,paused-wave44,wave44开发范围；开发用21条通过不计正式验收，未完成发布验证，暂停
31,斯拉达,0,slardar_sprint,True,True,accepted127,精确5fd32d8已验技能范围；不是本轮新验收
31,斯拉达,1,slardar_slithereen_crush,True,True,accepted127,精确5fd32d8已验技能范围；不是本轮新验收
31,斯拉达,2,slardar_bash,True,True,accepted127,精确5fd32d8已验技能范围；不是本轮新验收
31,斯拉达,3,slardar_amplify_damage,True,True,accepted127,精确5fd32d8已验技能范围；不是本轮新验收
45,冥界亚龙,0,viper_poison_attack,True,False,accepted127,精确5fd32d8已验技能范围；不是本轮新验收
45,冥界亚龙,1,viper_nethertoxin,False,False,paused-wave44,wave44开发范围；开发用21条通过不计正式验收，未完成发布验证，暂停
45,冥界亚龙,2,viper_corrosive_skin,True,False,accepted127,精确5fd32d8已验技能范围；不是本轮新验收
45,冥界亚龙,3,viper_viper_strike,False,False,paused-wave44,wave44开发范围；开发用21条通过不计正式验收，未完成发布验证，暂停
100,亚巴顿,0,abaddon_death_coil,False,False,paused-wave44,wave44开发范围；开发用21条通过不计正式验收，未完成发布验证，暂停
100,亚巴顿,1,abaddon_aphotic_shield,False,False,paused-wave44,wave44开发范围；开发用21条通过不计正式验收，未完成发布验证，暂停
100,亚巴顿,2,abaddon_frostmourne,True,False,accepted127,精确5fd32d8已验技能范围；不是本轮新验收
100,亚巴顿,3,abaddon_borrowed_time,False,False,paused-wave44,wave44开发范围；开发用21条通过不计正式验收，未完成发布验证，暂停
21,血魔,0,bloodseeker_bloodrage,True,False,accepted127,精确5fd32d8已验技能范围；不是本轮新验收
21,血魔,1,bloodseeker_blood_bath,True,False,accepted127,精确5fd32d8已验技能范围；不是本轮新验收
21,血魔,2,bloodseeker_thirst,False,False,paused-wave44,冻结公开工厂缺少已接通的移动倍率投影事件；注册元数据不等于实际机制接通；未验收，暂停
21,血魔,3,bloodseeker_rupture,True,False,accepted127,精确5fd32d8已验技能范围；不是本轮新验收
28,复仇之魂,0,vengefulspirit_magic_missile,True,True,accepted127,精确5fd32d8已验技能范围；不是本轮新验收
28,复仇之魂,1,vengefulspirit_wave_of_terror,True,True,accepted127,精确5fd32d8已验技能范围；不是本轮新验收
28,复仇之魂,2,vengefulspirit_command_aura,True,True,accepted127,精确5fd32d8已验技能范围；不是本轮新验收
28,复仇之魂,3,vengefulspirit_nether_swap,True,True,accepted127,精确5fd32d8已验技能范围；不是本轮新验收
29,昆卡,0,kunkka_torrent,True,False,accepted127,精确5fd32d8已验技能范围；不是本轮新验收
29,昆卡,1,kunkka_tidebringer,True,False,accepted127,精确5fd32d8已验技能范围；不是本轮新验收
29,昆卡,2,kunkka_x_marks_the_spot,True,False,accepted127,精确5fd32d8已验技能范围；不是本轮新验收
29,昆卡,3,kunkka_ghostship,False,False,paused-wave44,wave44开发范围；开发用21条通过不计正式验收，未完成发布验证，暂停
32,巫妖,0,lich_frost_nova,True,True,accepted127,精确5fd32d8已验技能范围；不是本轮新验收
32,巫妖,1,lich_frost_shield,True,True,accepted127,精确5fd32d8已验技能范围；不是本轮新验收
32,巫妖,2,lich_sinister_gaze,True,True,accepted127,精确5fd32d8已验技能范围；不是本轮新验收
32,巫妖,3,lich_chain_frost,True,True,accepted127,精确5fd32d8已验技能范围；不是本轮新验收
36,瘟疫法师,0,necrolyte_death_pulse,True,True,accepted127,精确5fd32d8已验技能范围；不是本轮新验收
36,瘟疫法师,1,necrolyte_ghost_shroud,True,True,accepted127,精确5fd32d8已验技能范围；不是本轮新验收
36,瘟疫法师,2,necrolyte_heartstopper_aura,True,True,accepted127,精确5fd32d8已验技能范围；不是本轮新验收
36,瘟疫法师,3,necrolyte_reapers_scythe,True,True,accepted127,精确5fd32d8已验技能范围；不是本轮新验收
42,死亡先知,0,death_prophet_carrion_swarm,True,False,accepted127,精确5fd32d8已验技能范围；不是本轮新验收
42,死亡先知,1,death_prophet_silence,True,False,accepted127,精确5fd32d8已验技能范围；不是本轮新验收
42,死亡先知,2,death_prophet_spirit_siphon,False,False,paused-wave44,wave44开发范围；开发用21条通过不计正式验收，未完成发布验证，暂停
42,死亡先知,3,death_prophet_exorcism,False,False,paused-wave44,wave44开发范围；开发用21条通过不计正式验收，未完成发布验证，暂停
47,龙骑士,0,dragon_knight_breathe_fire,True,False,accepted127,精确5fd32d8已验技能范围；不是本轮新验收
47,龙骑士,1,dragon_knight_dragon_tail,True,False,accepted127,精确5fd32d8已验技能范围；不是本轮新验收
47,龙骑士,2,dragon_knight_wyrms_wrath,True,False,accepted127,精确5fd32d8已验技能范围；不是本轮新验收
47,龙骑士,3,dragon_knight_elder_dragon_form,False,False,paused-wave44,恢复诊断发现瞬发cast绕过外层Source生命周期activate，frame60原生状态有值但缺Source namespace/binding；未修复、未验收，暂停
50,拉席克,0,leshrac_split_earth,True,True,accepted127,精确5fd32d8已验技能范围；不是本轮新验收
50,拉席克,1,leshrac_diabolic_edict,True,True,accepted127,精确5fd32d8已验技能范围；不是本轮新验收
50,拉席克,2,leshrac_lightning_storm,True,True,accepted127,精确5fd32d8已验技能范围；不是本轮新验收
50,拉席克,3,leshrac_pulse_nova,True,True,accepted127,精确5fd32d8已验技能范围；不是本轮新验收
55,全能骑士,0,omniknight_purification,True,True,accepted127,精确5fd32d8已验技能范围；不是本轮新验收
55,全能骑士,1,omniknight_martyr,True,True,accepted127,精确5fd32d8已验技能范围；不是本轮新验收
55,全能骑士,2,omniknight_hammer_of_purity,True,True,accepted127,精确5fd32d8已验技能范围；不是本轮新验收
55,全能骑士,3,omniknight_guardian_angel,True,True,accepted127,精确5fd32d8已验技能范围；不是本轮新验收
57,哈斯卡,0,huskar_inner_fire,True,True,accepted127,精确5fd32d8已验技能范围；不是本轮新验收
57,哈斯卡,1,huskar_burning_spear,True,True,accepted127,精确5fd32d8已验技能范围；不是本轮新验收
57,哈斯卡,2,huskar_berserkers_blood,True,True,accepted127,精确5fd32d8已验技能范围；不是本轮新验收
57,哈斯卡,3,huskar_life_break,True,True,accepted127,精确5fd32d8已验技能范围；不是本轮新验收
58,暗夜魔王,0,night_stalker_void,True,True,accepted127,精确5fd32d8已验技能范围；不是本轮新验收
58,暗夜魔王,1,night_stalker_crippling_fear,True,True,accepted127,精确5fd32d8已验技能范围；不是本轮新验收
58,暗夜魔王,2,night_stalker_midnight_feast,True,True,accepted127,精确5fd32d8已验技能范围；不是本轮新验收
58,暗夜魔王,3,night_stalker_darkness,True,True,accepted127,精确5fd32d8已验技能范围；不是本轮新验收
62,杰奇洛,0,jakiro_dual_breath,True,True,accepted127,精确5fd32d8已验技能范围；不是本轮新验收
62,杰奇洛,1,jakiro_ice_path,True,True,accepted127,精确5fd32d8已验技能范围；不是本轮新验收
62,杰奇洛,2,jakiro_liquid_fire,True,True,accepted127,精确5fd32d8已验技能范围；不是本轮新验收
62,杰奇洛,3,jakiro_macropyre,True,True,accepted127,精确5fd32d8已验技能范围；不是本轮新验收
71,炼金术士,0,alchemist_acid_spray,True,True,accepted127,精确5fd32d8已验技能范围；不是本轮新验收
71,炼金术士,1,alchemist_unstable_concoction,True,True,accepted127,精确5fd32d8已验技能范围；不是本轮新验收
71,炼金术士,2,alchemist_corrosive_weaponry,True,True,accepted127,精确5fd32d8已验技能范围；不是本轮新验收
71,炼金术士,3,alchemist_chemical_rage,True,True,accepted127,精确5fd32d8已验技能范围；不是本轮新验收
81,树精卫士,0,treant_natures_grasp,True,True,accepted127,精确5fd32d8已验技能范围；不是本轮新验收
81,树精卫士,1,treant_leech_seed,True,True,accepted127,精确5fd32d8已验技能范围；不是本轮新验收
81,树精卫士,2,treant_living_armor,True,True,accepted127,精确5fd32d8已验技能范围；不是本轮新验收
81,树精卫士,3,treant_overgrowth,True,True,accepted127,精确5fd32d8已验技能范围；不是本轮新验收
82,食人魔魔法师,0,ogre_magi_fireblast,True,True,accepted127,精确5fd32d8已验技能范围；不是本轮新验收
82,食人魔魔法师,1,ogre_magi_ignite,True,True,accepted127,精确5fd32d8已验技能范围；不是本轮新验收
82,食人魔魔法师,2,ogre_magi_bloodlust,True,True,accepted127,精确5fd32d8已验技能范围；不是本轮新验收
82,食人魔魔法师,3,ogre_magi_multicast,True,True,accepted127,精确5fd32d8已验技能范围；不是本轮新验收
94,半人马战行者,0,centaur_hoof_stomp,False,False,deferred-c24,C剩余未接通范围；未正式验收，暂停开发和发布
94,半人马战行者,1,centaur_double_edge,True,False,accepted127,精确5fd32d8已验技能范围；不是本轮新验收
94,半人马战行者,2,centaur_return,True,False,accepted127,精确5fd32d8已验技能范围；不是本轮新验收
94,半人马战行者,3,centaur_stampede,False,False,deferred-c24,C剩余未接通范围；未正式验收，暂停开发和发布
99,天怒法师,0,skywrath_mage_arcane_bolt,False,False,deferred-c24,C剩余未接通范围；未正式验收，暂停开发和发布
99,天怒法师,1,skywrath_mage_concussive_shot,False,False,deferred-c24,C剩余未接通范围；未正式验收，暂停开发和发布
99,天怒法师,2,skywrath_mage_ancient_seal,True,False,accepted127,精确5fd32d8已验技能范围；不是本轮新验收
99,天怒法师,3,skywrath_mage_mystic_flare,False,False,deferred-c24,C剩余未接通范围；未正式验收，暂停开发和发布
104,灰烬之灵,0,ember_spirit_searing_chains,False,False,deferred-c24,C剩余未接通范围；未正式验收，暂停开发和发布
104,灰烬之灵,1,ember_spirit_sleight_of_fist,False,False,deferred-c24,C剩余未接通范围；未正式验收，暂停开发和发布
104,灰烬之灵,2,ember_spirit_flame_guard,False,False,deferred-c24,C剩余未接通范围；未正式验收，暂停开发和发布
104,灰烬之灵,3,ember_spirit_fire_remnant,False,False,deferred-c24,C剩余未接通范围；未正式验收，暂停开发和发布
106,孽主,0,abyssal_underlord_firestorm,False,False,deferred-c24,C剩余未接通范围；未正式验收，暂停开发和发布
106,孽主,1,abyssal_underlord_pit_of_malice,False,False,deferred-c24,C剩余未接通范围；未正式验收，暂停开发和发布
106,孽主,2,abyssal_underlord_atrophy_aura,True,False,accepted127,精确5fd32d8已验技能范围；不是本轮新验收
106,孽主,3,abyssal_underlord_dark_portal,False,False,deferred-c24,C剩余未接通范围；未正式验收，暂停开发和发布
117,虚无之灵,0,void_spirit_aether_remnant,False,False,deferred-c24,C剩余未接通范围；未正式验收，暂停开发和发布
117,虚无之灵,1,void_spirit_dissimilate,False,False,deferred-c24,C剩余未接通范围；未正式验收，暂停开发和发布
117,虚无之灵,2,void_spirit_resonant_pulse,False,False,deferred-c24,C剩余未接通范围；未正式验收，暂停开发和发布
117,虚无之灵,3,void_spirit_astral_step,False,False,deferred-c24,C剩余未接通范围；未正式验收，暂停开发和发布
121,破晓辰星,0,dawnbreaker_fire_wreath,False,False,deferred-c24,C剩余未接通范围；未正式验收，暂停开发和发布
121,破晓辰星,1,dawnbreaker_celestial_hammer,False,False,deferred-c24,C剩余未接通范围；未正式验收，暂停开发和发布
121,破晓辰星,2,dawnbreaker_luminosity,False,False,deferred-c24,C剩余未接通范围；未正式验收，暂停开发和发布
121,破晓辰星,3,dawnbreaker_solar_guardian,False,False,deferred-c24,C剩余未接通范围；未正式验收，暂停开发和发布
124,琼英碧灵,0,muerta_dead_shot,False,False,deferred-c24,C剩余未接通范围；未正式验收，暂停开发和发布
124,琼英碧灵,1,muerta_the_calling,False,False,deferred-c24,C剩余未接通范围；未正式验收，暂停开发和发布
124,琼英碧灵,2,muerta_gunslinger,False,False,deferred-c24,C剩余未接通范围；未正式验收，暂停开发和发布
124,琼英碧灵,3,muerta_pierce_the_veil,False,False,deferred-c24,C剩余未接通范围；未正式验收，暂停开发和发布
